{
    "baseline": {
        "cv_summary": {
            "test_roc_auc": 0.7269072088358051,
            "test_pr_auc": 0.5021859283804861,
            "test_f1": 0.47906120374551087,
            "test_precision": 0.37917878755222595,
            "test_recall": 0.6507649711977586
        },
        "test_metrics": {
            "threshold": 0.5881070511928788,
            "accuracy": 0.7944444444444444,
            "roc_auc": 0.7122138509953476,
            "pr_auc": 0.4985275204552639,
            "precision": 0.5422705314009661,
            "recall": 0.45125628140703516,
            "f1": 0.4925946242457488,
            "tn": 3126,
            "fp": 379,
            "fn": 546,
            "tp": 449
        }
    },
    "catboost": {
        "best_params": {
            "depth": 6,
            "learning_rate": 0.03,
            "l2_leaf_reg": 5,
            "iterations": 400
        },
        "cv_best_pr_auc": 0.5607471052510806,
        "test_metrics": {
            "threshold": 0.560524232657858,
            "accuracy": 0.7968888888888889,
            "roc_auc": 0.783943684184116,
            "pr_auc": 0.5619132151637691,
            "precision": 0.5395894428152492,
            "recall": 0.5547738693467337,
            "f1": 0.5470763131813677,
            "tn": 3034,
            "fp": 471,
            "fn": 443,
            "tp": 552
        }
    }
}